site,title,url,正文,文号
广东省人民政府,通知,http://www.gd.gov.cn/zwgk/wjk/qbwj/yf/content/post_4718739.html,2025/05/30,2025-05-30
广东省人民政府,通知,http://www.gd.gov.cn/zwgk/wjk/qbwj/ybh/content/post_4723168.html,2025/06/11,2025-06-11
广东省人民政府,通知,http://www.gd.gov.cn/zwgk/wjk/qbwj/ybh/content/post_4723192.html,2025/06/11,2025-06-11
广东省人民政府,通知,http://www.gd.gov.cn/zwgk/wjk/qbwj/yfh/content/post_4731896.html,2025/06/23,2025-06-23
广东省人民政府,通知,http://www.gd.gov.cn/zwgk/wjk/qbwj/yfh/content/post_4731871.html,2025/06/23,2025-06-23
广东省人民政府,通知,http://www.gd.gov.cn/zwgk/wjk/qbwj/yfh/content/post_4731879.html,2025/06/23,2025-06-23
广东省人民政府,通知,http://www.gd.gov.cn/zwgk/wjk/qbwj/yfb/content/post_4732698.html,2025/06/24,2025-06-24
广东省人民政府,通知,http://www.gd.gov.cn/zwgk/wjk/qbwj/yfh/content/post_4738779.html,2025/07/03,2025-07-03
广东省人民政府,通知,http://www.gd.gov.cn/zwgk/wjk/qbwj/yfh/content/post_4738786.html,2025/07/03,2025-07-03
广东省人民政府,通知,http://www.gd.gov.cn/zwgk/wjk/qbwj/yfh/content/post_4738805.html,2025/07/03,2025-07-03
广东省人民政府,通知,http://www.gd.gov.cn/zwgk/wjk/qbwj/yfh/content/post_4738817.html,2025/07/03,2025-07-03
广东省人民政府,通知,http://www.gd.gov.cn/zwgk/wjk/qbwj/yfb/content/post_4738821.html,2025/07/03,2025-07-03
广东省人民政府,通知,http://www.gd.gov.cn/zwgk/wjk/qbwj/ybh/content/post_4740698.html,2025/07/07,2025-07-07
广东省人民政府,通知,http://www.gd.gov.cn/zwgk/wjk/qbwj/yfh/content/post_4740700.html,2025/07/07,2025-07-07
广东省人民政府,通知,http://www.gd.gov.cn/zwgk/wjk/qbwj/yfb/content/post_4741916.html,2025/07/09,2025-07-09
广东省人民政府,通知,http://www.gd.gov.cn/zwgk/wjk/qbwj/yfl/content/post_4745566.html,2025/07/16,2025-07-16
广东省人民政府,通知,http://www.gd.gov.cn/zwgk/wjk/qbwj/yfh/content/post_4746293.html,2025/07/18,2025-07-18
广东省人民政府,通知,http://www.gd.gov.cn/zwgk/wjk/qbwj/yfh/content/post_4748371.html,2025/07/23,2025-07-23
广东省人民政府,通知,http://www.gd.gov.cn/zwgk/wjk/qbwj/yfh/content/post_4755994.html,2025/08/08,2025-08-08
广东省人民政府,通知,http://www.gd.gov.cn/zwgk/wjk/qbwj/yfh/content/post_4756019.html,2025/08/08,2025-08-08
广东省人民政府,通知,http://www.gd.gov.cn/zwgk/wjk/qbwj/yfh/content/post_4669568.html,2025/02/19,2025-02-19
广东省人民政府,通知,http://www.gd.gov.cn/zwgk/wjk/qbwj/yfh/content/post_4670330.html,2025/02/20,2025-02-20
广东省人民政府,通知,http://www.gd.gov.cn/zwgk/wjk/qbwj/yfb/content/post_4678912.html,2025/03/10,2025-03-10
广东省人民政府,通知,http://www.gd.gov.cn/zwgk/wjk/qbwj/yfb/content/post_4680526.html,2025/03/13,2025-03-13
广东省人民政府,通知,http://www.gd.gov.cn/zwgk/wjk/qbwj/yfh/content/post_4680529.html,2025/03/13,2025-03-13
广东省人民政府,通知,http://www.gd.gov.cn/zwgk/wjk/qbwj/yfl/content/post_4685103.html,2025/03/22,2025-03-22
广东省人民政府,通知,http://www.gd.gov.cn/zwgk/wjk/qbwj/yfb/content/post_4685334.html,2025/03/24,2025-03-24
广东省人民政府,通知,http://www.gd.gov.cn/zwgk/wjk/qbwj/yf/content/post_4686209.html,2025/03/25,2025-03-25
广东省人民政府,通知,http://www.gd.gov.cn/zwgk/wjk/qbwj/yfh/content/post_4691605.html,2025/04/03,2025-04-03
广东省人民政府,通知,http://www.gd.gov.cn/zwgk/wjk/qbwj/ybh/content/post_4698729.html,2025/04/18,2025-04-18
广东省人民政府,通知,http://www.gd.gov.cn/zwgk/wjk/qbwj/yf/content/post_4699276.html,2025/04/18,2025-04-18
广东省人民政府,通知,http://www.gd.gov.cn/zwgk/wjk/qbwj/yfl/content/post_4699265.html,2025/04/18,2025-04-18
广东省人民政府,通知,http://www.gd.gov.cn/zwgk/wjk/qbwj/yfb/content/post_4701859.html,2025/04/25,2025-04-25
广东省人民政府,通知,http://www.gd.gov.cn/zwgk/wjk/qbwj/yfb/content/post_4701868.html,2025/04/25,2025-04-25
广东省人民政府,通知,http://www.gd.gov.cn/zwgk/wjk/qbwj/ybh/content/post_4702761.html,2025/04/27,2025-04-27
广东省人民政府,通知,http://www.gd.gov.cn/zwgk/wjk/qbwj/yf/content/post_4703577.html,2025/04/28,2025-04-28
广东省人民政府,通知,http://www.gd.gov.cn/zwgk/wjk/qbwj/yfb/content/post_4705347.html,2025/04/30,2025-04-30
广东省人民政府,通知,http://www.gd.gov.cn/zwgk/wjk/qbwj/yfb/content/post_4707145.html,2025/05/07,2025-05-07
广东省人民政府,通知,http://www.gd.gov.cn/zwgk/wjk/qbwj/ybh/content/post_4712035.html,2025/05/16,2025-05-16
广东省人民政府,通知,http://www.gd.gov.cn/zwgk/wjk/qbwj/ybh/content/post_4712039.html,2025/05/16,2025-05-16
广东省人民政府,通知,http://www.gd.gov.cn/zwgk/wjk/qbwj/yf/content/post_4613610.html,2024/12/10,2024-12-10
广东省人民政府,通知,http://www.gd.gov.cn/zwgk/wjk/qbwj/yfh/content/post_4615349.html,2024/12/13,2024-12-13
广东省人民政府,通知,http://www.gd.gov.cn/zwgk/wjk/qbwj/yfh/content/post_4615361.html,2024/12/13,2024-12-13
广东省人民政府,通知,http://www.gd.gov.cn/zwgk/wjk/qbwj/yfh/content/post_4615363.html,2024/12/13,2024-12-13
广东省人民政府,通知,http://www.gd.gov.cn/zwgk/wjk/qbwj/yfh/content/post_4637327.html,2024/12/23,2024-12-23
广东省人民政府,通知,http://www.gd.gov.cn/zwgk/wjk/qbwj/yf/content/post_4637336.html,2024/12/23,2024-12-23
广东省人民政府,通知,http://www.gd.gov.cn/zwgk/wjk/qbwj/yfh/content/post_4640367.html,2024/12/27,2024-12-27
广东省人民政府,通知,http://www.gd.gov.cn/zwgk/wjk/qbwj/yfh/content/post_4640369.html,2024/12/27,2024-12-27
广东省人民政府,通知,http://www.gd.gov.cn/zwgk/wjk/qbwj/yf/content/post_4640557.html,2024/12/27,2024-12-27
广东省人民政府,通知,http://www.gd.gov.cn/zwgk/wjk/qbwj/ybh/content/post_4642028.html,2024/12/30,2024-12-30
广东省人民政府,通知,http://www.gd.gov.cn/zwgk/wjk/qbwj/ybh/content/post_4642773.html,2024/12/31,2024-12-31
广东省人民政府,通知,http://www.gd.gov.cn/zwgk/wjk/qbwj/yfh/content/post_4642783.html,2024/12/31,2024-12-31
广东省人民政府,通知,http://www.gd.gov.cn/zwgk/wjk/qbwj/yfl/content/post_4650888.html,2025/01/08,2025-01-08
广东省人民政府,通知,http://www.gd.gov.cn/zwgk/wjk/qbwj/yfl/content/post_4651332.html,2025/01/09,2025-01-09
广东省人民政府,通知,http://www.gd.gov.cn/zwgk/wjk/qbwj/yfh/content/post_4653705.html,2025/01/13,2025-01-13
广东省人民政府,通知,http://www.gd.gov.cn/zwgk/wjk/qbwj/yfh/content/post_4658385.html,2025/01/21,2025-01-21
广东省人民政府,通知,http://www.gd.gov.cn/zwgk/wjk/qbwj/yfb/content/post_4658869.html,2025/01/22,2025-01-22
广东省人民政府,通知,http://www.gd.gov.cn/zwgk/wjk/qbwj/ybh/content/post_4661586.html,2025/01/26,2025-01-26
广东省人民政府,通知,http://www.gd.gov.cn/zwgk/wjk/qbwj/ybh/content/post_4666546.html,2025/02/11,2025-02-11
广东省人民政府,通知,http://www.gd.gov.cn/zwgk/wjk/qbwj/yfh/content/post_4668031.html,2025/02/14,2025-02-14
广东省人民政府,通知,http://www.gd.gov.cn/zwgk/wjk/qbwj/yf/content/post_4499616.html,2024/09/25,2024-09-25
广东省人民政府,通知,http://www.gd.gov.cn/zwgk/wjk/qbwj/yf/content/post_4502584.html,2024/09/30,2024-09-30
广东省人民政府,通知,http://www.gd.gov.cn/zwgk/wjk/qbwj/ybh/content/post_4504014.html,2024/10/08,2024-10-08
广东省人民政府,通知,http://www.gd.gov.cn/zwgk/wjk/qbwj/yfb/content/post_4504697.html,2024/10/09,2024-10-09
广东省人民政府,通知,http://www.gd.gov.cn/zwgk/wjk/qbwj/yfb/content/post_4507561.html,2024/10/14,2024-10-14
广东省人民政府,通知,http://www.gd.gov.cn/zwgk/wjk/qbwj/yfh/content/post_4508367.html,2024/10/15,2024-10-15
广东省人民政府,通知,http://www.gd.gov.cn/zwgk/wjk/qbwj/yf/content/post_4509577.html,2024/10/17,2024-10-17
广东省人民政府,通知,http://www.gd.gov.cn/zwgk/wjk/qbwj/yfh/content/post_4510263.html,2024/10/18,2024-10-18
广东省人民政府,通知,http://www.gd.gov.cn/zwgk/wjk/qbwj/yfl/content/post_4510251.html,2024/10/18,2024-10-18
广东省人民政府,通知,http://www.gd.gov.cn/zwgk/wjk/qbwj/ybh/content/post_4511096.html,2024/10/21,2024-10-21
广东省人民政府,通知,http://www.gd.gov.cn/zwgk/wjk/qbwj/ybh/content/post_4513671.html,2024/10/25,2024-10-25
广东省人民政府,通知,http://www.gd.gov.cn/zwgk/wjk/qbwj/ybh/content/post_4514136.html,2024/10/28,2024-10-28
广东省人民政府,通知,http://www.gd.gov.cn/zwgk/wjk/qbwj/ybh/content/post_4522522.html,2024/11/14,2024-11-14
广东省人民政府,通知,http://www.gd.gov.cn/zwgk/wjk/qbwj/yfh/content/post_4527007.html,2024/11/19,2024-11-19
广东省人民政府,通知,http://www.gd.gov.cn/zwgk/wjk/qbwj/ybh/content/post_4582324.html,2024/11/22,2024-11-22
广东省人民政府,通知,http://www.gd.gov.cn/zwgk/wjk/qbwj/yfh/content/post_4582332.html,2024/11/22,2024-11-22
广东省人民政府,通知,http://www.gd.gov.cn/zwgk/wjk/qbwj/yfh/content/post_4608407.html,2024/12/03,2024-12-03
广东省人民政府,通知,http://www.gd.gov.cn/zwgk/wjk/qbwj/ybh/content/post_4608572.html,2024/12/04,2024-12-04
广东省人民政府,通知,http://www.gd.gov.cn/zwgk/wjk/qbwj/yfb/content/post_4608592.html,2024/12/04,2024-12-04
广东省人民政府,通知,http://www.gd.gov.cn/zwgk/wjk/qbwj/ybh/content/post_4611297.html,2024/12/05,2024-12-05
广东省人民政府,通知,http://www.gd.gov.cn/zwgk/wjk/qbwj/yfb/content/post_4429417.html,2024/05/27,2024-05-27
广东省人民政府,通知,http://www.gd.gov.cn/zwgk/wjk/qbwj/ybh/content/post_4436245.html,2024/06/05,2024-06-05
广东省人民政府,通知,http://www.gd.gov.cn/zwgk/wjk/qbwj/ybh/content/post_4436455.html,2024/06/06,2024-06-06
广东省人民政府,通知,http://www.gd.gov.cn/zwgk/wjk/qbwj/ybh/content/post_4437250.html,2024/06/07,2024-06-07
广东省人民政府,通知,http://www.gd.gov.cn/zwgk/wjk/qbwj/yfh/content/post_4437252.html,2024/06/07,2024-06-07
广东省人民政府,通知,http://www.gd.gov.cn/zwgk/wjk/qbwj/ybh/content/post_4440107.html,2024/06/14,2024-06-14
广东省人民政府,通知,http://www.gd.gov.cn/zwgk/wjk/qbwj/yfb/content/post_4441509.html,2024/06/18,2024-06-18
广东省人民政府,通知,http://www.gd.gov.cn/zwgk/wjk/qbwj/yfl/content/post_4443266.html,2024/06/21,2024-06-21
广东省人民政府,通知,http://www.gd.gov.cn/zwgk/wjk/qbwj/yfb/content/post_4451030.html,2024/07/05,2024-07-05
广东省人民政府,通知,http://www.gd.gov.cn/zwgk/wjk/qbwj/ybh/content/post_4457990.html,2024/07/19,2024-07-19
广东省人民政府,通知,http://www.gd.gov.cn/zwgk/wjk/qbwj/yfh/content/post_4466327.html,2024/07/30,2024-07-30
广东省人民政府,通知,http://www.gd.gov.cn/zwgk/wjk/qbwj/yfh/content/post_4474870.html,2024/08/08,2024-08-08
广东省人民政府,通知,http://www.gd.gov.cn/zwgk/wjk/qbwj/yfh/content/post_4478031.html,2024/08/15,2024-08-15
广东省人民政府,通知,http://www.gd.gov.cn/zwgk/wjk/qbwj/ybh/content/post_4485000.html,2024/08/29,2024-08-29
广东省人民政府,通知,http://www.gd.gov.cn/zwgk/wjk/qbwj/ybh/content/post_4485380.html,2024/08/30,2024-08-30
广东省人民政府,通知,http://www.gd.gov.cn/zwgk/wjk/qbwj/yfb/content/post_4485679.html,2024/08/30,2024-08-30
广东省人民政府,通知,http://www.gd.gov.cn/zwgk/wjk/qbwj/yfh/content/post_4488934.html,2024/09/03,2024-09-03
广东省人民政府,通知,http://www.gd.gov.cn/zwgk/wjk/qbwj/yfh/content/post_4490852.html,2024/09/06,2024-09-06
广东省人民政府,通知,http://www.gd.gov.cn/zwgk/wjk/qbwj/yfh/content/post_4493399.html,2024/09/12,2024-09-12
广东省人民政府,通知,http://www.gd.gov.cn/zwgk/wjk/qbwj/yfh/content/post_4498876.html,2024/09/24,2024-09-24
